{"docstore/metadata": {"13f14c0a-726a-43ec-8078-9d28cf297ab0": {"doc_hash": "b80248a6f6ad297807d8c2433c81cfa271ffe12255f85c7dc96899e9809b2c82"}, "3d82a8bf-588b-41f7-86b4-d35f91d3bffe": {"doc_hash": "1d3cc87321607f3179b39b80b97aeb5e510747448ef717e156fe1b9a4acb8cc4"}, "ee79a841-c67b-4dcf-9ac6-875d2cec60b7": {"doc_hash": "c04155415343c5144f996e72bb2b28ad0acfbf6bfb535f3bb573a1d4dd293b67"}, "72990a96-0a35-4b2b-b514-41849c004a32": {"doc_hash": "955af637ea4a8077ed42a0cbeb25f0967739339ffa1372cc8ee4e58d9aa473bb"}, "d4329b88-3746-4371-b4a4-5b6aee22ceb5": {"doc_hash": "6b6368e37d462772f7a50be9f7a7624363f5c69d64f7d7d7d36b9687f5bf8592"}, "17e904a0-28bd-462e-a7a8-a7d42eacb2ae": {"doc_hash": "c7af09a6749d37e70e387831952cb54a85c08a7fd5ba8f7c71c8cc902768e8b2"}, "135866d4-19d2-4fa2-b41a-6e2d258447e5": {"doc_hash": "fd772df9c8ace4cb645f02972cd263125ba953b4cad659424566e850df47d848"}, "935b9466-795e-4a6d-84af-b274ed33a9da": {"doc_hash": "caf2a338517368debb428c823a5c6031283d864c08d0ab4695378c3278a0cc98", "ref_doc_id": "13f14c0a-726a-43ec-8078-9d28cf297ab0"}, "f1faa3f4-7ae3-48a2-b1b3-51a800f6b46b": {"doc_hash": "30ac39baf1a37d9ae7bdb8c2f39bdc3aed0e612517a6ebcb8735e9082559f7ad", "ref_doc_id": "13f14c0a-726a-43ec-8078-9d28cf297ab0"}, "bcf472d9-d69e-4e3b-b138-cc23573336c8": {"doc_hash": "4fbfb4bf83ac6f4e741b2866d60b6ed111318a13413acdf1bf970ea2bc53720a", "ref_doc_id": "3d82a8bf-588b-41f7-86b4-d35f91d3bffe"}, "a9c9ce85-a78b-45a3-91cf-c750ce90675e": {"doc_hash": "89f6c25197bd864de23cebaf8398bd896085245689f31dde20efecf271f63406", "ref_doc_id": "3d82a8bf-588b-41f7-86b4-d35f91d3bffe"}, "8f16a6d2-cff5-4600-87da-5143011c17c2": {"doc_hash": "4d91f9d075ad3b59120b63c84e3703cb7dedc57415878eba87f49b183d077b9e", "ref_doc_id": "ee79a841-c67b-4dcf-9ac6-875d2cec60b7"}, "4c9d66c4-8bb2-4273-b6db-5cfdf066a29c": {"doc_hash": "b242232ad67679614fa25055d67b6395c82e569ace6e81d11632eba64060e54c", "ref_doc_id": "ee79a841-c67b-4dcf-9ac6-875d2cec60b7"}, "6967981b-16a5-44c4-89c3-85ab7eea817b": {"doc_hash": "09c969b2f85e33519d7c88dc610e509b98f4ed67260c358a429e8d2c5a43326d", "ref_doc_id": "72990a96-0a35-4b2b-b514-41849c004a32"}, "02af64d9-7660-4b86-9453-ca5f7a0cbf6e": {"doc_hash": "dbd03d463f7eaf50fea0580e7ea44439d3426be48c26bf64eb844fb260cf21ad", "ref_doc_id": "72990a96-0a35-4b2b-b514-41849c004a32"}, "4d8cc0a2-1912-4c2c-a620-86ecbeb59198": {"doc_hash": "96ed8df76da532646b3d80bdf071c15dc2914da95e35d116f88b10a383415f22", "ref_doc_id": "d4329b88-3746-4371-b4a4-5b6aee22ceb5"}, "1d34eb53-0ac6-4772-8e70-4882ded9b80b": {"doc_hash": "24b6fe9a45c8b6dd22ea1a3b04838ea824e36e792e6154c803d3ea2d264aef8d", "ref_doc_id": "d4329b88-3746-4371-b4a4-5b6aee22ceb5"}, "731964a3-2624-4911-8421-66278d43d9d0": {"doc_hash": "3c1c65a7270dc8288020c77c6290e91028ed18dd250402f1b3085825b413acb4", "ref_doc_id": "17e904a0-28bd-462e-a7a8-a7d42eacb2ae"}, "1bc5cf4f-9405-47cf-abe1-b981ac653281": {"doc_hash": "2adcbec5ce904ce85aed48f6977ac671244a237e1fea61493830ad5d53698c15", "ref_doc_id": "17e904a0-28bd-462e-a7a8-a7d42eacb2ae"}, "5adac607-15bb-4c06-b525-7736016fbc9d": {"doc_hash": "fd772df9c8ace4cb645f02972cd263125ba953b4cad659424566e850df47d848", "ref_doc_id": "135866d4-19d2-4fa2-b41a-6e2d258447e5"}, "c2930c0a-ef63-4313-a342-ca700c6ed512": {"doc_hash": "e0ad852ce66d2bcb96cde639c9da9f659e930719f792c06686b6fc7577e1e02a"}, "38fecfbd-5781-431d-b6fa-1b4ed4d39059": {"doc_hash": "aa58a56a17c9902103b312b05aa5bdf4e8af221f1f08e59f3973ffd627015dec"}}, "docstore/data": {"935b9466-795e-4a6d-84af-b274ed33a9da": {"__data__": {"text": "14/07/2023, 15:58 Uni\ufb01ed Package Insurance Scheme \u2014 Vikaspedia\nhttps://vikaspedia.in/agriculture/agri-insurance/uni\ufb01ed-package-insurance-scheme 1/7Suitability\nSalient Features and Bene\ufb01ts\nUni\ufb01ed Package Insurance Scheme (UPIS) - Operational Guidelines\n1. Suitability\n2. Salient Features and Bene\ufb01ts\n3. Uni\ufb01ed Package Insurance Scheme (UPIS) - Operational Guidelines\n4. Sections covered under the Policy\ni. Section 1: Crop Insurance\nii. Section 2: Personal Accident Insurance\niii. Section - 3: Life Insurance\niv. Section 4: Building and Contents Insurance (Fire & Allied Perils)\nv. Section 5: Agriculture Pumpset Insurance (Upto 10 Horse Power)\nvi. Section 6: Student Safety Insurance\nvii. Section 7: Agricultural Tractor Insurance\nUnified Package Insurance Scheme (UPIS) aims at providing financial protection to citizens associated in agriculture sector , thereby ensuring food security , crop\ndiversification and enhancing growth and competitiveness of agriculture sector besides protecting farmers from financial risks. The UPIS will be implemented in 45\nselected districts on Pilot basis from Kharif 2016 season.\nThe cover will be for one full year except for Crop Insurance (which will be bi-annual separately for Kharif and Rabi seasons) renewable from year to year . The\nLoanee farmers will be covered through Banks/Financial Institutions whereas nonloanee farmer shall be covered through banks and/or insurance intermediaries.\nThis policy is designed to take care of the insurance needs of farmers associated with agriculture activities. This policy provides yield based crop\ninsurance to the farmer based on his ownership rights of land and sown crop.\nIt covers both the personal assets of the farmer like the dwelling & its contents (Fire), the other assets which help him in earning his livelihood such as\nAgricultural Pump Sets, and Agriculture Tractor owned by farmer.\nThe policy also provides protection to farmer and his/her family members in case of the Accidental Death / Disablement, accidental insurance protection of\nfarmer's school/college going children and provisioning of education fee to the students in case of death of parent.\nLife insurance protection to the farmer and his/her family members.\nThe policy will be issued for a period up to 1 year.\nThe farmers package policy will be underwritten by the General Insurance Companies empanelled by Department of Agriculture, Cooperation and Farmers\nWelfare under crop insurance programmes and/or designated by this Department or through General Insurance Companies having tie-up with concerned\nFinancial Institution/Banks for non-crop sections of the policy.\nThe policy contains 7 Sections. Crop Insurance is mandatory. However, farmers have to choose at least two other sections also to avail the applicable\nsubsidy under crop insurance section.\nIn case of crop insurance, applicable Farmer's share of premium ranging between 1.5% to 5% based on their insured crops is payable by farmer & in case\nActuarial premium is more, the Government will provide subsidy equivalent to the difference between Actuarial premium and premium paid by farmer. The\ncrop insurance is based on area approach whereas all other sections are on individual basis.\nIf the farmers already availed any insurance policy of similar nature and sum insured not less than as mentioned in the policy than they would be\nexempted from taking such section(s). However details of such policy would be provided in their proposal form.\nThe rates above are indicative & subject to the concurrence of the insurers.\nSum Insured and premium rates are provisionally taken and may change according to the risk(s).\nThe above premium rates are without service tax which is likely to be exempted.\nA. General Provisions\nIf the farmer has already availed any insurance policy covering any of sections and sum insured not less than as mentioned in the UPIS then they", "doc_id": "935b9466-795e-4a6d-84af-b274ed33a9da", "embedding": null, "doc_hash": "caf2a338517368debb428c823a5c6031283d864c08d0ab4695378c3278a0cc98", "extra_info": {"page_label": "1", "file_name": "Unified Package Insurance Scheme \u2014 Vikaspedia.pdf"}, "node_info": {"start": 0, "end": 3890, "_node_type": "1"}, "relationships": {"1": "13f14c0a-726a-43ec-8078-9d28cf297ab0", "3": "f1faa3f4-7ae3-48a2-b1b3-51a800f6b46b"}}, "__type__": "1"}, "f1faa3f4-7ae3-48a2-b1b3-51a800f6b46b": {"__data__": {"text": "policy covering any of sections and sum insured not less than as mentioned in the UPIS then they would\nbe exempted from taking such section(s). However details of such policy would be provided in their proposal form.\nThe farmers are required to \ufb01ll up and sign the proposal cum declaration form giving all the required details in the relevant sections which they wish to\navail. Such \ufb01lled and signed proposal form shall be submitted along with the premium to the bank/intermediary/insurance company who will issue a\nstamped/signed receipt for the same. The proposal form is mandatory for both loanee and non loanee farmers.\nAfter accepting the proposal forms from farmers, banks shall provide unique reference number to such proposal forms. Acknowledgement shall be\nprovided by banks to the farmers. Such acknowledgements shall have the same unique reference number which is given to proposal forms.\nNo change in the particulars furnished in the proposal form will be admissible unless speci\ufb01cally agreed in writing by insurance company.Uni\ufb01ed Package Insurance Scheme\nTranslate to", "doc_id": "f1faa3f4-7ae3-48a2-b1b3-51a800f6b46b", "embedding": null, "doc_hash": "30ac39baf1a37d9ae7bdb8c2f39bdc3aed0e612517a6ebcb8735e9082559f7ad", "extra_info": {"page_label": "1", "file_name": "Unified Package Insurance Scheme \u2014 Vikaspedia.pdf"}, "node_info": {"start": 3794, "end": 4875, "_node_type": "1"}, "relationships": {"1": "13f14c0a-726a-43ec-8078-9d28cf297ab0", "2": "935b9466-795e-4a6d-84af-b274ed33a9da"}}, "__type__": "1"}, "bcf472d9-d69e-4e3b-b138-cc23573336c8": {"__data__": {"text": "14/07/2023, 15:58 Uni\ufb01ed Package Insurance Scheme \u2014 Vikaspedia\nhttps://vikaspedia.in/agriculture/agri-insurance/uni\ufb01ed-package-insurance-scheme 2/7Sections covered under the Policy\nSection 1: Crop Insurance\nSection 2: Personal Accident Insurance\nSection - 3: Life InsuranceThe Bank will continue to have existing tie-up with the same insurance companies except for PMFBY. If the existing tied up company does not agree with\nthe term and conditions of UPIS (Section 2 to 7), then implementing crop insurance company will arrange insurance for other sections.\n1. Crop Insurance : PMFBY/WBCIS/ \u2013 State can choose any of these two.\n2. Building and Contents Insurance (Fire and allied perils)\n3. Personal Accident Insurance - Coverage as per Pradhan Mantri Suraksha Bima Yojana\n4. Agriculture Pumpset Insurance (Upto 10 Horse Power) - The Insurance covers the Centrifugal pump sets (electrical and diesel) upto 10 Horsepower\ncapacity which are used for agricultural purposes only.\n5. Agricultural Tractors Insurance - As per the provisions, terms, exceptions, conditions and endorsements as per standard Motor Policy.\n6. Student Safety Insurance - Covers accidental death or disability of students. In case of death of Father or Mother, the Claim amount to be converted into\nFixed Deposit in the name of student till attainment of adulthood.\n7. Life Insurance - as per Pradhan Mantri Jeevan Jyoti Bima Yojna (PMJJBY).\n(Pradhan Mantri Fasal Bima Yojna (PMFBY)  / Weather Based Crop Insurance Scheme (WBCIS)\n(Coverage as per Pradhan Mantri Suraksha Bima Yojana - PMSBY )\nDetails of Scheme:  The scheme will be a one year cover , renewable from year to year , Accident Insurance Scheme of fering accidental death and disability cover\nfor death or disability on account of an accident. There will be no change in the existing relationship structure of Bank-insurance company which was established for\nPMSBY  and here also the premium will be submitted to the insurance company with which bank is already tied up. If the farmer has already availed this section in\nthe form of PMSBY , he/she need not to choose this section again.However , he/she is required to provide the detail of the policy which will be captured in proposal\ncum declaration form under PMFBY .\nScope of coverage: All farmers eligible for crop insurance under PMFBY/WBCIS in the age 18 to 70 years will be entitled to join. In case of multiple saving bank\naccounts held by an individual in one or dif ferent banks, the person would be eligible to join the scheme through one savings bank account only . Aadhar would be\nthe primary KYC for the bank account.\nBenefits: As per the following table:\nTable of Benefits (anyone will be applicable) Sum Insured\na.Death Rs. 2 Lakh\nb.Total and irrecoverable loss of both eyes or loss of use of both hands or feet or loss of sight of one eye and loss of use of hand or foot Rs. 2 Lakh\nc.Total and irrecoverable loss of sight of one eye or loss of use of one hand or foot Rs. 1 Lakh\nPremium:  Rs.12/- per annum per member . The premium will be deducted from the account holder \u2019s savings bank account through \u2018auto debit\u2019  facility in one\ninstallment with in the cut of f dates as mentioned under PMFBY .\nMaster Policy Holder:  As mentioned in PMSBY , Participating Bank will be the Master policy holder on behalf of the participating subscribers.\nTermination of cover:  The accident cover for the member shall terminate on any of the following events and no benefit will be payable there under:\nOn attaining age 70 years (age nearest birthday).\nAt the time of renewal, closure of account with the Bank or", "doc_id": "bcf472d9-d69e-4e3b-b138-cc23573336c8", "embedding": null, "doc_hash": "4fbfb4bf83ac6f4e741b2866d60b6ed111318a13413acdf1bf970ea2bc53720a", "extra_info": {"page_label": "2", "file_name": "Unified Package Insurance Scheme \u2014 Vikaspedia.pdf"}, "node_info": {"start": 0, "end": 3602, "_node_type": "1"}, "relationships": {"1": "3d82a8bf-588b-41f7-86b4-d35f91d3bffe", "3": "a9c9ce85-a78b-45a3-91cf-c750ce90675e"}}, "__type__": "1"}, "a9c9ce85-a78b-45a3-91cf-c750ce90675e": {"__data__": {"text": "birthday).\nAt the time of renewal, closure of account with the Bank or insuf\ufb01ciency of balance to keep the insurance in force.\nIn case a member is covered through more than one account and premium is received by the Insurance Company inadvertently, insurance cover will be\nrestricted to one only and the premium shall be liable to be forfeited.\nIf the insurance cover is ceased due to any technical reasons such as insuf\ufb01cient balance on due date for renewal or due to any administrative issues, the\nsame can be reinstated on receipt of full annual premium, subject to conditions that may be laid down. During this period, the risk cover will be suspended\nand reinstatement of risk cover will be at the sole discretion of Insurance Company.\n(as per Pradhan Mantri Jeevan Jyoti Bima Yojna (PMJJBY)\nBenefits:\n1. Death Cover: Rs. 2,00,000 per member\n2. To be provided by Life Insurance Companies\nEligibility:  The savings bank account holder of the participating banks aged between 18 years (completed) and 50 years (age nearer birthday) and who have given\nthe consent to join the scheme during the \u2018enrollment period\u2019  are eligible to join the scheme.\nAdmission of Age:  Age as recorded by the Bank as per the Age Proof submitted by the Savings Bank Account holder .\nEvidence of Health: Satisfactory evidence of health as required by the insurance company shall be furnished by every eligible member , at the time of his entry into\nthe Scheme, after the \u2018Enrollment Period\u2019, as incorporated in the \u201cConsent-cum- Declaration Form\u201d for joining the scheme.", "doc_id": "a9c9ce85-a78b-45a3-91cf-c750ce90675e", "embedding": null, "doc_hash": "89f6c25197bd864de23cebaf8398bd896085245689f31dde20efecf271f63406", "extra_info": {"page_label": "2", "file_name": "Unified Package Insurance Scheme \u2014 Vikaspedia.pdf"}, "node_info": {"start": 3532, "end": 5083, "_node_type": "1"}, "relationships": {"1": "3d82a8bf-588b-41f7-86b4-d35f91d3bffe", "2": "bcf472d9-d69e-4e3b-b138-cc23573336c8"}}, "__type__": "1"}, "8f16a6d2-cff5-4600-87da-5143011c17c2": {"__data__": {"text": "14/07/2023, 15:58 Uni\ufb01ed Package Insurance Scheme \u2014 Vikaspedia\nhttps://vikaspedia.in/agriculture/agri-insurance/uni\ufb01ed-package-insurance-scheme 3/7Section 4: Building and Contents Insurance (Fire & Allied Perils)\nSection 5: Agriculture Pumpset Insurance (Upto 10 Horse Power)Premium:  Premium to be deducted from member \u2019s SB Account. The premium is Rs.330/- plus Service Tax (if payable). Renewal premium is chargeable as per the\nrate decided from time to time on Annual Renewal dates.\nEnrollment Modality / Period: For new enrolments, the cover shall be provided for one year period starting from the date of enrolment or 1st June, whichever is\nlater and the cover will end on next 31st May under PMFBY . New entrants into the eligible category from year to year or currently eligible individuals who did not join\nearlier shall be able to join in future years while the scheme is continuing.\nIf the farmer has already availed this section in the form of PMJJY , he/she need not to choose this section again. However , he/she is required to provide the detail of\nthe policy which will be captured in proposal cum declaration form under PMFBY  .\nAssurance:  An assurance of Rs.2,00,000/- on death of the insured member is payable to the Nominee.\nBenefit on Death prior to T erminal Date:  Upon the death of the Member prior to Terminal Date, the sum assured under the Assurance shall be payable to the\nnominated Beneficiary , provided the assurance is kept in force by payment of premium for that member .\nTermination of Assurance:  The Assurance on the life of a Member shall terminate on an Annual Renewal Date upon happening of any of the following events and\nno benefit will become payable thereunder:-\nOn attaining age 55 years (age nearest birthday) on annual renewal date.\nClosure of account with the Bank or insuf\ufb01ciency of balance to keep the insurance in force.\nSuspension of Risk: If the insurance cover is ceased due to any technical reasons such as insuf ficient balance for payment of premium on due date of renewal,\nthe same can be reinstated after the grace period on receipt of premium and a satisfactory statement of good health.\nThe indemnity under this section is based on fixed sum Insured basis (maximum liability of the insurer will be sum insured or actual loss whichever is less)\nThe Company will indemnify the Insured in respect of loss of or damage to the Buildings/Contents whilst contained in the insured premises by:\nFire, Lighting, Explosion of gas in domestic appliances.\nBursting and over\ufb02owing of water tanks, apparatus or pipes.\nAircraft or articles dropped therefrom,\nRiot, Strike, or Malicious damage.\nEarthquake, (Fire and / or Shock) Subsidence and Landslide (including Rockslide)damage .\nFlood, inundation, storm, tempest, typhoon, hurricane, Tornado or Cyclone.\nImpact damage.\nBush Fire.\nEnrollment of Farmers: The farmers shall provide the basic details of their home and dwellings in the proposal form. It shall include complete address of the\nhouse. The Sum insured has been capped at Rs.50,000 for building and Rs.20,000 for contents.\nClaim process methodology:\nIn case of damage due to above mentioned perils, farmers shall intimate the concerned insurance company via phone or in writing within 72 hours. For\nintimation, farmers may choose to intimate directly to insurance company or through \ufb01nancial institutions/same intermediary channel vide which they have\navailed insurance. It is necessary to share unique reference number of proposal cum declaration form while intimating the claims.No repair/reinstatement\nto be carried out until loss assessment procedure is completed.\nThe claim is admissible only if the premium is paid with in the cut off dates as mentioned in section 1", "doc_id": "8f16a6d2-cff5-4600-87da-5143011c17c2", "embedding": null, "doc_hash": "4d91f9d075ad3b59120b63c84e3703cb7dedc57415878eba87f49b183d077b9e", "extra_info": {"page_label": "3", "file_name": "Unified Package Insurance Scheme \u2014 Vikaspedia.pdf"}, "node_info": {"start": 0, "end": 3729, "_node_type": "1"}, "relationships": {"1": "ee79a841-c67b-4dcf-9ac6-875d2cec60b7", "3": "4c9d66c4-8bb2-4273-b6db-5cfdf066a29c"}}, "__type__": "1"}, "4c9d66c4-8bb2-4273-b6db-5cfdf066a29c": {"__data__": {"text": "admissible only if the premium is paid with in the cut off dates as mentioned in section 1 of PMFBY/WBCIS.\nFarmer will extend full co-operation to the surveyor appointed by the insurance company and provide necessary documents to substantiate the loss. A\nclaim form issued by the company is also to be submitted.\nBasis of claim settlement would be market value of the property on the date of loss.Insurance company gets the survey done of the site within 3 days of\nintimation. The farmer will submit the claim forms and other relevant documents to surveyor/ insurance company within 10 days of date of survey. Claims\nwould be paid on assessment basis only within 20 days of survey and submission of all required documents. Payment would be done in the farmer\u2019s bank\naccount directly through NEFT.\nSpecial Exclusions:\nThe Company shall not be liable in respect of:\nLoss or damage by burglary and / or housebreaking or theft where any member of the insured\u2019s family is concerned as principal or accessory .\nLoss of or damage to articles of consumable nature.\nLoss of or damage to money, securities, stamps, stamp collections, bullion, livestock,motor vehicles and pedal cycles.\nLoss of or damage to deeds, bonds, bills of exchange, promissory notes, shares and stock certi\ufb01cates, business books, manuscripts, documents of any\nkind, unset precious stones and Jewelry and Valuable.\nWilful act or gross negligence of the Insured or his representatives.\nTerrorism.\nThe Insurance covers the Centrifugal pump sets (electrical and diesel) upto 10 Horsepower capacity which are used for agricultural purposes only .\nScope of Cover:", "doc_id": "4c9d66c4-8bb2-4273-b6db-5cfdf066a29c", "embedding": null, "doc_hash": "b242232ad67679614fa25055d67b6395c82e569ace6e81d11632eba64060e54c", "extra_info": {"page_label": "3", "file_name": "Unified Package Insurance Scheme \u2014 Vikaspedia.pdf"}, "node_info": {"start": 3639, "end": 5260, "_node_type": "1"}, "relationships": {"1": "ee79a841-c67b-4dcf-9ac6-875d2cec60b7", "2": "8f16a6d2-cff5-4600-87da-5143011c17c2"}}, "__type__": "1"}, "6967981b-16a5-44c4-89c3-85ab7eea817b": {"__data__": {"text": "14/07/2023, 15:58 Uni\ufb01ed Package Insurance Scheme \u2014 Vikaspedia\nhttps://vikaspedia.in/agriculture/agri-insurance/uni\ufb01ed-package-insurance-scheme 4/7Section 6: Student Safety InsuranceFire & lightning.\nBurglary (due to violent forcible entry provided the pump set is kept in a locked enclosure).\nMechanical / electrical breakdown.\nRiot, Strike, malicious damage\nEnrollment of Farmers: The farmers shall provide the electrical and mechanical specifications of the pump set in the proposal form. It shall include complete details\nof the pump set such as serial number , make, model and specifications. The Sum insured has been capped to Rs.25,000. Agriculture pump sets of age upto 7 year\ncan be covered under this section.\nClaim process methodology:\nIn case of damage due to above mentioned perils, farmers shall intimate the concerned insurance company via phone or in writing within 72 hours giving\nan indication as to the nature and extent of loss or damage. For intimation, farmers may choose to intimate directly to insurance company or through\n\ufb01nancial institutions/same intermediary channel vide which they have availed insurance. No repair/reinstatement to be carried out until loss assessment\nprocedure is completed.\nThe claim is admissible only if the premium is paid with in the cut off dates as mentioned in section 1 of PMFBY/WBCIS.\nFarmer will extend full co-operation to the surveyor appointed by the insurance company and provide necessary documents to substantiate the loss. A\nclaim form issued by the company is also to be submitted.\nPreserve the damaged or defective parts and make them available for inspection by an Of\ufb01cial or Surveyor of the Company.\nInsurance company gets the survey done of the site within 3 days of intimation. The farmer will submit the claim forms and other relevant documents to\nsurveyor/insurance company within 10 days of date of survey. Claims would be paid on assessment basis only within 20 days of survey and submission of\nall required documents. Payment would be done in the farmer\u2019s bank account directly through NEFT.\nClaims for repair of pump set will be on reinstatement value basis. The claim for total loss of pump will be on market value basis.\nIn case of burglary claims, FIR should be lodged immediately and its copy may be made available to the surveyor.\nThe liability of the Company under this Section in respect of any item of property sustaining damage for which indemnity is provided, shall cease if the same item is\nkept in operation without being repaired to the satisfaction of the Company .\nNote: Submersible Pumps will be added in the cover subsequently\nSpecial Exclusion to Agricultural Pump set Insurance:\nNormal wear & tear, gradual deterioration due to atmospheric condition or otherwise.\nWilful act or gross negligence of the Insured or his representatives.\nFaults existing at the time of commencement of insurance and known to the Insured or his representative.\nLoss or damage for which the manufacturer or supplier of pumpset is responsible either by law or under contract.\nCost of dismantling, transport to workshop and back as also cost of re-erection.\nLoss due to \ufb02oods\nSchedule of Benefits (for Parent/ Student): SI per student\nSummary of Benefits\nContingency Amount of Compensation\nPart A. Accidental death Rs. 50000 (parent/student)\nPart B. Permanent total disablement Rs. 50000 (student)\nPart C. Loss of one limb/Eye Rs. 25000 (student)\nPart D. Accidental hospitalization Rs. 5000 (student)\nIn case of death of Father or Mother , the Claim amount to be converted into Fixed deposit in the name of student till attainment of 18 year of age.\nPart A\nIf at any time during the currency of this policy the parent / guardian/ student named in the schedule shall sustain any bodily injury resulting solely and directly from\naccident caused by external violent and visible means and if", "doc_id": "6967981b-16a5-44c4-89c3-85ab7eea817b", "embedding": null, "doc_hash": "09c969b2f85e33519d7c88dc610e509b98f4ed67260c358a429e8d2c5a43326d", "extra_info": {"page_label": "4", "file_name": "Unified Package Insurance Scheme \u2014 Vikaspedia.pdf"}, "node_info": {"start": 0, "end": 3859, "_node_type": "1"}, "relationships": {"1": "72990a96-0a35-4b2b-b514-41849c004a32", "3": "02af64d9-7660-4b86-9453-ca5f7a0cbf6e"}}, "__type__": "1"}, "02af64d9-7660-4b86-9453-ca5f7a0cbf6e": {"__data__": {"text": "solely and directly from\naccident caused by external violent and visible means and if such injury shall within six calendar months of the occurrence be the sole and direct cause of death or\ntotal and irrecoverable loss of two limbs or two eyes or 100% Permanent Total Disablement (permanently totally and absolutely disable the parent /guardian from\nengaging in any employment or occupation of any description whatsoever) then the company shall pay to the insured Student or parent / guardian as the case may\nbe the capital sum insured stated in the schedule.\nPart B\nIf at any time during the currency of this policy the insured Student shall sustain any bodily injury resulting solely and directly from accident caused by external\nviolent and visible means and if such injury shall within six calendar months of the occurrence be the sole and direct cause of death or total and irrecoverable loss of\ntwo limbs or two eyes or 100% Permanent Total Disablement (permanently totally and absolutely disable the insured student from engaging in any employment or\noccupation of any description whatsoever) then the company shall pay to the parent / guardian or insured Student as the case may be the capital sum insured\nstated in the schedule of benefits.", "doc_id": "02af64d9-7660-4b86-9453-ca5f7a0cbf6e", "embedding": null, "doc_hash": "dbd03d463f7eaf50fea0580e7ea44439d3426be48c26bf64eb844fb260cf21ad", "extra_info": {"page_label": "4", "file_name": "Unified Package Insurance Scheme \u2014 Vikaspedia.pdf"}, "node_info": {"start": 3774, "end": 5023, "_node_type": "1"}, "relationships": {"1": "72990a96-0a35-4b2b-b514-41849c004a32", "2": "6967981b-16a5-44c4-89c3-85ab7eea817b"}}, "__type__": "1"}, "4d8cc0a2-1912-4c2c-a620-86ecbeb59198": {"__data__": {"text": "14/07/2023, 15:58 Uni\ufb01ed Package Insurance Scheme \u2014 Vikaspedia\nhttps://vikaspedia.in/agriculture/agri-insurance/uni\ufb01ed-package-insurance-scheme 5/7Section 7: Agricultural Tractor InsurancePart C\nIf at any time during the currency of this policy the insured Student shall sustain any bodily injury resulting solely and directly from accident caused by external\nviolent and visible means resulting into irrecoverable loss of one limb or one eye, then the company shall pay to the parent / guardian or insured Student as the\ncase may be 50% of the capital sum insured stated in the schedule of benefits. However , if such injury shall within six calendar months of the occurrence be the\nsole and direct cause of death, remaining 50% of the capital sum insured shall be payable to the parents/guardian as the case may be.\nIn case of death of both student and the parent / guardian named in the schedule of the policy resulting solely and directly from same accident caused by outward,\nviolent and visible means, within six calendar months of its occurrence then the company shall pay the legal heir of the parent / guardian sums stated in the\nschedule.\nPart D\nSubject to the terms, conditions & exclusions the Company undertakes that if during the period stated in the Policy any insured student sustains any bodily injury\nthrough accident, and takes treatment at any Nursing Home/Hospital in India as an inpatient, the Company will pay to the Insured Person such expenses as are\nreasonably and necessarily incurred subject to the limits prescribed but not exceeding the Sum Insured during the period of insurance stated against that person in\nthe policy upon submission of supporting documents with bills.\nAge Limit: Students: 5-25 years, parents: 18-70 years\nExclusions\n1. Payment of compensation in respect of death or injury as a direct consequence of:\nCommitting or attempting suicide or intentional self-injury.\nBeing under the in\ufb02uence of intoxicating liquor or drugs.\nEngaging in aviation other than travelling as a bona\ufb01de passenger in any duly licensed standard type of aircraft anywhere in the world.\nPregnancy or child birth.\nVeneral disease or insanity.\nContracting any illness directly or indirectly arising from or attributable to HIV and/or any HIV related illness including AIDS and/or any mutant derivative or\nvariation of HIV or AIDS.\n2. Committing any breach of law with criminal intent.\nDocuments required for settlement of claims:\nClaim Form\nDoctor\u2019s report, prescriptions and certi\ufb01cate con\ufb01rming the nature and degree of disability\nPolice Report and Postmortem Report in case of accidental death\nBills, Receipts and Prescriptions of Doctor for reimbursement hospitalization expenses\nMedical Practitioner\u2019s Certi\ufb01cate\nThis section will be provided as per the provisions, terms, exceptions, conditions and endorsements of standard Motor Insurance Policy related to Agriculture tractor\nand trailers\nCovers the insured against loss or damage to the Agriculture Tractor by fire, explosion, self-ignition or lightning, burglary , housebreaking, theft, riot and strike,\nearthquake, fire and shock,inundation, typhoon, hurricane, storm, tempest, cyclone, hailstorm, frost,landslide/rockslides by accidental external means, malicious act,\nterrorism activity while in transit by road, rail, inland waterway . Also provides coverage against death or permanent disablement of the driver , due to an accident\nwhile driving the Tractor insured during any one policy period.\nSubject to a deduction for depreciation at the rates mentioned below in respect of parts replaced:\nFor all rubber/nylon/plastic parts, tyres, tubes, batteries and air bags - 50%\nFor fibre glass components - 30%\nFor all parts made of glass - Nil\nRate of depreciation for all other parts including wooden parts will be as per the schedule.\nAge", "doc_id": "4d8cc0a2-1912-4c2c-a620-86ecbeb59198", "embedding": null, "doc_hash": "96ed8df76da532646b3d80bdf071c15dc2914da95e35d116f88b10a383415f22", "extra_info": {"page_label": "5", "file_name": "Unified Package Insurance Scheme \u2014 Vikaspedia.pdf"}, "node_info": {"start": 0, "end": 3821, "_node_type": "1"}, "relationships": {"1": "d4329b88-3746-4371-b4a4-5b6aee22ceb5", "3": "1d34eb53-0ac6-4772-8e70-4882ded9b80b"}}, "__type__": "1"}, "1d34eb53-0ac6-4772-8e70-4882ded9b80b": {"__data__": {"text": "depreciation for all other parts including wooden parts will be as per the schedule.\nAge wise Sum Insured and Premium: (the rates are subject to change as per IRDAI regulations and the below table is for illustration purpose only):\nSl.No.Age of tractor Sum\nInsured(Rs.)Premium amount (Own damage premium rate@1.3%) TP for Tractor: Rs.2730 (as per motor tariff subject to\nchange as per IRDA regulations) TP for Trailer: Rs.1238 (as per motor tariff subject to change as per IRDA\nregulations)\nComprehensive (Without\ntrailer)(Rs.) (ST Extra)Comprehensive (with trailer)\n(Rs.) (ST Extra)TP Only (Without\ntrailer)(Rs.) (ST Extra)TP Only (With\ntrailer) (Rs.)(ST\nExtra)\n1 Less than 1 year 500000 9230 10468 2730 3968", "doc_id": "1d34eb53-0ac6-4772-8e70-4882ded9b80b", "embedding": null, "doc_hash": "24b6fe9a45c8b6dd22ea1a3b04838ea824e36e792e6154c803d3ea2d264aef8d", "extra_info": {"page_label": "5", "file_name": "Unified Package Insurance Scheme \u2014 Vikaspedia.pdf"}, "node_info": {"start": 3733, "end": 4442, "_node_type": "1"}, "relationships": {"1": "d4329b88-3746-4371-b4a4-5b6aee22ceb5", "2": "4d8cc0a2-1912-4c2c-a620-86ecbeb59198"}}, "__type__": "1"}, "731964a3-2624-4911-8421-66278d43d9d0": {"__data__": {"text": "14/07/2023, 15:58 Uni\ufb01ed Package Insurance Scheme \u2014 Vikaspedia\nhttps://vikaspedia.in/agriculture/agri-insurance/uni\ufb01ed-package-insurance-scheme 6/72 Exceeding 1 year -\nnot exceeding 2\nyear400000 7930 9168 2730 3968\n3 Exceeding 2 year -\nnot exceeding 3\nyear350000 7280 8518 2730 3968\n4 Exceeding 3 year -\nnot exceeding 4\nyear300000 6630 7868 2730 3968\n5 Exceeding 4 year -\nnot exceeding 5\nyear250000 5980 7218 2730 3968\n6 Exceeding 5 year -\nnot exceeding 6\nyear150000 4680 5918 2730 3968\n7 Exceeding 6 year -\nnot exceeding 7\nyear100000 4030 5268 2730 3968\n8 Exceeding 7 years-\nupto 10 years50000 3380 4618 2730 3968\nPlease note that applicable service tax will be applied to above mentioned premium amounts.\nLegal Liability to Third Parties:  - Compensates for death/ bodily injury to third parties in the event of tractor being involved in an accident as per M.V . Act, 1988.\nEnrollment of farmers: A farmer can opt for comprehensive cover or Third Party cover only . In case of comprehensive cover , it is important to inspect the vehicle\nbefore insurance. Post receipt of satisfactory inspection report of tractor , an Own damage cover will be provided.Comprehensive cover for Agriculture tractors of age\nup to 10 year and power up to 45 HP  can be provided while there will not be any age limit for third party cover .\nFor comprehensive cover , a farmer will submit his existing policy and registration certificate to avail the benefit of no claim bonus. However for Third Party cover ,\nonly Registration certificate is needed. Banks will take special care to submit previous insurance policy and/or registration certificate to insurance companies while\nsubmitting the proposal cum declaration form. In case of break in the existing policy under comprehensive cover , insurance company will arrange for a pre\ninsurance inspection. The coverage can be provided only after satisfactory inspection report.\nFor tractor trailers, farmers have to declare the same in the proposal form and only Third party cover can be of fered. It will have separate premium amount in\naddition to the premium paid for tractor . Only one trailer can be covered.\nSeparate Certificate of Insurance for this section only will be provided by insurance companies.\nClaim process methodology:\nIn case of damage due to above mentioned perils, farmers shall intimate the concerned insurance company via phone or in writing within 48 hours giving\nan indication as to the nature and extent of loss or damage. For intimation, farmers may choose to intimate directly to insurance company or through\n\ufb01nancial institutions/same intermediary channel vide which they have availed insurance. No repair/reinstatement to be carried out until loss assessment\nprocedure is completed.\nThe claim is admissible only if the premium is paid with in the cut off dates as mentioned in section 1 of PMFBY/WBCIS.\nFarmer will extend full co-operation to the surveyor appointed by the insurance company and provide necessary documents to substantiate the loss. A\nclaim form issued by the company is also to be submitted.\nPreserve the damaged or defective parts and make them available for inspection by an Of\ufb01cial or Surveyor of the Company.\nBasis of claim settlement under OD claim would be market value of the vehicle on the date of loss. Insurance company gets the survey done of the site\nwithin 3 days of intimation. The farmer will submit the claim forms and other relevant documents to surveyor/insurance company within 15 days of date of\nsurvey. Claims would be paid on assessment basis only within 30 days of survey and submission of all required documents. Payment would be done in\nthe farmer\u2019s bank account directly through NEFT.\nIn case of burglary claims, FIR should be lodged immediately", "doc_id": "731964a3-2624-4911-8421-66278d43d9d0", "embedding": null, "doc_hash": "3c1c65a7270dc8288020c77c6290e91028ed18dd250402f1b3085825b413acb4", "extra_info": {"page_label": "6", "file_name": "Unified Package Insurance Scheme \u2014 Vikaspedia.pdf"}, "node_info": {"start": 0, "end": 3747, "_node_type": "1"}, "relationships": {"1": "17e904a0-28bd-462e-a7a8-a7d42eacb2ae", "3": "1bc5cf4f-9405-47cf-abe1-b981ac653281"}}, "__type__": "1"}, "1bc5cf4f-9405-47cf-abe1-b981ac653281": {"__data__": {"text": "case of burglary claims, FIR should be lodged immediately and its copy may be made available to the surveyor.\nPolicy Exclusions:\nAny accidental loss or damage and/or liability caused sustained or incurred outside the geographical area.\nAny claim arising out of any contractual liability.\nAny accidental loss or damage and/or liability caused sustained or incurred whilst the vehicle insured herein is\nBeing used otherwise than in accordance with the Limitations of Use (tractor as well as trailer can only be used for agriculture purpose)\nBeing driven by or is for the purpose of being driven by him/her in the charge of any person other than a Driver as stated in the Driver's Clause.\nLosses such as", "doc_id": "1bc5cf4f-9405-47cf-abe1-b981ac653281", "embedding": null, "doc_hash": "2adcbec5ce904ce85aed48f6977ac671244a237e1fea61493830ad5d53698c15", "extra_info": {"page_label": "6", "file_name": "Unified Package Insurance Scheme \u2014 Vikaspedia.pdf"}, "node_info": {"start": 3690, "end": 4390, "_node_type": "1"}, "relationships": {"1": "17e904a0-28bd-462e-a7a8-a7d42eacb2ae", "2": "731964a3-2624-4911-8421-66278d43d9d0"}}, "__type__": "1"}, "5adac607-15bb-4c06-b525-7736016fbc9d": {"__data__": {"text": "14/07/2023, 15:58 Uni\ufb01ed Package Insurance Scheme \u2014 Vikaspedia\nhttps://vikaspedia.in/agriculture/agri-insurance/uni\ufb01ed-package-insurance-scheme 7/7Any accidental loss or damage to any property whatsoever or any loss or expense whatsoever resulting or arising there from or any consequential\nloss.\nAny liability of whatsoever nature directly or indirectly caused by or contributed to by or arising from ionizing radiations or contamination by\nradioactivity from any nuclear fuel or from any nuclear waste from the combustion of nuclear fuel.For the purposes of this exception combustion\nshall include any self-sustaining process of nuclear \ufb01ssion. Any accidental loss damage or liability directly or indirectly caused by or contributed to by\nor arising from nuclear weapons material.\nAny accidental loss or damage/liability directly or indirectly or proximately or remotely occasioned by, contributed to by or traceable to or arising out of or in\nconnection with war, invasion, the act of foreign enemies, hostilities or war like operations (whether before or after declaration of war), civil war, mutiny,\nrebellion, military or usurped power or by any direct or indirect consequences of any of the said occurrences and in the event of any claim here under the\ninsured shall prove that the accidental loss damage and/or liability arose independently of and was in no way connected with or occasioned by or\ncontributed to by or traceable to any of the said occurrences or any consequences thereof and in default of such proof, the Company shall not be liable to\nmake any payment in respect of such a claim.\nGeneral Exclusions:\nThe Company shall not be liable in respect of:\nLoss or damage, liability or expenses whether directly or indirectly, occasioned by happening through or arising from any consequences of war, invasion,\nact of foreign enemy, hostilities (whether war be declared or not) civil war, rebellion,revolution, insurrection, mutiny,military, or usurped power or civil\ncommotion or loot or pillage in connection herewith.\nLoss or damage caused by depreciation or wear and tear\nConsequential loss of any kind or description.\nLoss or damage directly or indirectly caused by or arising from or in consequence of or contributed to by nuclear weapons material.\nThis Insurance does not cover loss or damage directly or indirectly caused by or arising from or in consequence of or contributed to by ionising radiation or\ncontamination by radioactivity from any nuclear fuel or from any nuclear waste from the combustion of nuclear fuel. For the purpose of Condition 4 (b) only\ncombustion shall include any self-sustaining process of nuclear \ufb01ssion.\nSource : Ministry of Agriculture and Farmers W elfare, Government of India\nLast Modified : 02/03/2020\n\u00a9 C\u2013DAC.All content appearing on the vikaspedia portal is through collaborative ef fort of vikaspedia and its partners.W e encourage you to use\nand share the content in a respectful and fair manner . Please leave all source links intact and adhere to applicable copyright and intellectual\nproperty guidelines and laws.", "doc_id": "5adac607-15bb-4c06-b525-7736016fbc9d", "embedding": null, "doc_hash": "fd772df9c8ace4cb645f02972cd263125ba953b4cad659424566e850df47d848", "extra_info": {"page_label": "7", "file_name": "Unified Package Insurance Scheme \u2014 Vikaspedia.pdf"}, "node_info": {"start": 0, "end": 3075, "_node_type": "1"}, "relationships": {"1": "135866d4-19d2-4fa2-b41a-6e2d258447e5"}}, "__type__": "1"}, "c2930c0a-ef63-4313-a342-ca700c6ed512": {"__data__": {"text": "The Unified Package Insurance Scheme (UPIS) is a financial protection program for citizens associated with the agriculture sector. It is implemented in 45 selected districts on a pilot basis from Kharif 2016 season. The cover is for one full year and includes sections such as Crop Insurance, Personal Accident Insurance, Life Insurance, Building and Contents Insurance, Agriculture Pumpset Insurance, Student Safety Insurance, and Agricultural Tractor Insurance. Eligibility for the scheme includes savings bank account holders aged between 18 and 50 years, with an assurance of Rs. 2,00,000 on death of the insured member. Premiums are deducted from the member's SB Account and enrollment modality/period is for one year starting from the date of enrollment or 1st June, whichever is later. Claims are admissible only if the premium is paid within the cut off dates and payment is done in the farmer\u2019s bank account directly through NEFT. Exclusions include loss or damage by burglary and/or housebreaking or theft, loss of or damage to money, securities, stamps, livestock, motor vehicles, and pedal cycles.", "doc_id": "c2930c0a-ef63-4313-a342-ca700c6ed512", "embedding": null, "doc_hash": "e0ad852ce66d2bcb96cde639c9da9f659e930719f792c06686b6fc7577e1e02a", "extra_info": null, "node_info": {"_node_type": "1"}, "relationships": {}}, "__type__": "1"}, "38fecfbd-5781-431d-b6fa-1b4ed4d39059": {"__data__": {"text": "The Unified Package Insurance Scheme is a policy offered by the Ministry of Agriculture and Farmers Welfare, Government of India. It provides comprehensive cover for agriculture tractors of up to 10 years and 45 HP, and third party cover with no age limit. Banks are responsible for submitting the proposal cum declaration form, along with the existing policy and registration certificate, to the insurance companies. In the event of damage, farmers must intimate the insurance company within 48 hours and submit the claim form and other relevant documents within 15 days of the survey. The policy excludes any accidental loss or damage caused outside the geographical area, any claim arising out of any contractual liability, and any loss or damage caused by depreciation or wear and tear.", "doc_id": "38fecfbd-5781-431d-b6fa-1b4ed4d39059", "embedding": null, "doc_hash": "aa58a56a17c9902103b312b05aa5bdf4e8af221f1f08e59f3973ffd627015dec", "extra_info": null, "node_info": {"_node_type": "1"}, "relationships": {}}, "__type__": "1"}}, "docstore/ref_doc_info": {"13f14c0a-726a-43ec-8078-9d28cf297ab0": {"doc_ids": ["935b9466-795e-4a6d-84af-b274ed33a9da", "f1faa3f4-7ae3-48a2-b1b3-51a800f6b46b"], "extra_info": {"page_label": "1", "file_name": "Unified Package Insurance Scheme \u2014 Vikaspedia.pdf"}}, "3d82a8bf-588b-41f7-86b4-d35f91d3bffe": {"doc_ids": ["bcf472d9-d69e-4e3b-b138-cc23573336c8", "a9c9ce85-a78b-45a3-91cf-c750ce90675e"], "extra_info": {"page_label": "2", "file_name": "Unified Package Insurance Scheme \u2014 Vikaspedia.pdf"}}, "ee79a841-c67b-4dcf-9ac6-875d2cec60b7": {"doc_ids": ["8f16a6d2-cff5-4600-87da-5143011c17c2", "4c9d66c4-8bb2-4273-b6db-5cfdf066a29c"], "extra_info": {"page_label": "3", "file_name": "Unified Package Insurance Scheme \u2014 Vikaspedia.pdf"}}, "72990a96-0a35-4b2b-b514-41849c004a32": {"doc_ids": ["6967981b-16a5-44c4-89c3-85ab7eea817b", "02af64d9-7660-4b86-9453-ca5f7a0cbf6e"], "extra_info": {"page_label": "4", "file_name": "Unified Package Insurance Scheme \u2014 Vikaspedia.pdf"}}, "d4329b88-3746-4371-b4a4-5b6aee22ceb5": {"doc_ids": ["4d8cc0a2-1912-4c2c-a620-86ecbeb59198", "1d34eb53-0ac6-4772-8e70-4882ded9b80b"], "extra_info": {"page_label": "5", "file_name": "Unified Package Insurance Scheme \u2014 Vikaspedia.pdf"}}, "17e904a0-28bd-462e-a7a8-a7d42eacb2ae": {"doc_ids": ["731964a3-2624-4911-8421-66278d43d9d0", "1bc5cf4f-9405-47cf-abe1-b981ac653281"], "extra_info": {"page_label": "6", "file_name": "Unified Package Insurance Scheme \u2014 Vikaspedia.pdf"}}, "135866d4-19d2-4fa2-b41a-6e2d258447e5": {"doc_ids": ["5adac607-15bb-4c06-b525-7736016fbc9d"], "extra_info": {"page_label": "7", "file_name": "Unified Package Insurance Scheme \u2014 Vikaspedia.pdf"}}}}